﻿Designator,Footprint,Quantity,Value,LCSC Part #
BT1,BatteryHolder_Eagle_12BH611-GR,1,Battery_Cell,
"C1, C5, C9",0603,3,470p,C1620
"C10, C11, C18, C4, C7",0603,5,100n,C14663
C12,0603,1,4.7n,C53987
C13,0603,1,10n,C57112
"C14, C16, C17",0603,3,10u,C96446
"C19, C20",CP_Radial_D8.0mm_P3.50mm,2,470u,
"C2, C3, C6, C8",0603,4,1u,C15849
"D1, D2, D3, D5",D_SOD-323,4,1N4148WS,C2128
D8,floating_green_led,1,floating_green_led,
D9,floating_red_led,1,floating_red_led,
"H1, H2, H3, H4, H5",M3_hole_with_spacer,5,MountingHole,
"J1, J2",Jack_6.35mm,2,Jack_6.35,
J6,IDC-Header_2x08_P2.54mm_Vertical,1,top_panel_connector,
"J7, J8",TestPoint_THTPad_D2.5mm_Drill1.2mm,2,Conn_01x01_Socket,
J9,BarrelJack,1,Barrel_Jack_Switch,
P1,front_plate,1,front_panel,
P2,bottom_plate,1,bottom_panel,
"Q1, Q2, Q3, Q4, Q5",SOT-23,5,MMBT5551,C2145
"Q10, Q6, Q8",SOT-23,3,AO3401A,C15127
"Q12, Q13, Q14",SOT-23,3,AO3400A,C20917
"R1, R3",0603,2,47k,C25819
"R10, R12, R15, R5, R7",0603,5,10k,C25804
"R11, R16",0603,2,150,C22808
"R13, R18, R23, R27, R8",0603,5,100k,C25803
"R14, R19, R4, R9",0603,4,470k,C23178
R17,0603,1,39k,C23153
R2,0603,1,100,C22775
R20,0603,1,15k,C22809
R21,0603,1,3.3k,C22978
R22,0603,1,22k,C31850
"R24, R6",0603,2,1k,C21190
"R25, R26",0603,2,2.2k,C4190
SW1,foot_switch_tht_no_pad,1,pedala_switch,
